{"cameraMode":{"drawMode":0,"name":"Shaded","section":"Shading Mode"},"sceneLighting":true,"audioPlay":false,"sceneViewState":{"m_AlwaysRefresh":false,"showFog":true,"showSkybox":true,"showFlares":true,"showImageEffects":true,"showParticleSystems":true,"showVisualEffectGraphs":true,"m_FxEnabled":true},"in2DMode":false,"pivot":{"x":-2.884504556655884,"y":7.944456100463867,"z":-0.1679840087890625},"rotation":{"x":0.000364682957297191,"y":0.9988768100738525,"z":-0.04679099842905998,"w":0.007790043018758297},"size":13.124451637268067,"orthographic":false}